sample_idx,day,ground_truth,prediction,error,abs_error,squared_error
0,1,2204.334,1897.14,-307.19397,307.19397,94368.1350363642
0,2,1144.166,1880.4268,736.26074,736.26074,542079.8804864883
0,3,2034.966,1929.239,-105.72693,105.72693,11178.18345464766
0,4,1888.022,1838.0092,-50.012817,50.012817,2501.281902566552
0,5,1455.2,1914.0391,458.8391,458.8391,210533.3300843835
0,6,2905.894,1961.4366,-944.4574,944.4574,891999.7756186873
0,7,2127.648,1896.949,-230.69897,230.69897,53222.01688581705
0,8,2183.618,1902.8896,-280.72827,280.72827,78808.36241060495
0,9,2195.452,1887.6184,-307.8335,307.8335,94761.4613173008
0,10,2094.098,1945.6869,-148.41101,148.41101,22025.828109517694
0,11,2047.968,1929.377,-118.591064,118.591064,14063.840568125248
0,12,2451.11,1888.0182,-563.0919,563.0919,317072.5091815144
0,13,2211.892,1998.0465,-213.84558,213.84558,45729.93253661692
0,14,1224.252,1927.2762,703.0243,703.0243,494243.1551311165
0,15,1308.836,1983.9142,675.0781,675.0781,455730.4748535156
0,16,2083.454,2022.8508,-60.60327,60.60327,3672.75651460886
0,17,1604.132,1918.2014,314.06946,314.06946,98639.6244533211
0,18,2219.78,1877.1821,-342.5979,342.5979,117373.32135206461
0,19,1777.18,1948.2488,171.06873,171.06873,29264.508873596787
0,20,1769.442,1890.4943,121.052246,121.052246,14653.646284341812
0,21,1797.208,1872.7299,75.52185,75.52185,5703.549915924668
0,22,2336.9,1906.8599,-430.04004,430.04004,184934.43519687653
0,23,2508.466,1885.5769,-622.88916,622.88916,387990.90584015846
0,24,1518.684,2013.5231,494.8391,494.8391,244865.7461000085
0,25,1282.538,2001.3646,718.82666,718.82666,516711.76735138893
0,26,0.0,1952.3394,1952.3394,1952.3394,3811628.958912134
0,27,618.488,1832.6317,1214.1438,1214.1438,1474145.1642327905
0,28,2196.76,1816.5284,-380.23157,380.23157,144576.04483439028
0,29,2150.112,1892.4784,-257.63367,257.63367,66375.10636784136
0,30,1906.556,1941.8789,35.322876,35.322876,1247.7055672556162
0,31,1881.098,1908.8251,27.72705,27.72705,768.7893450260162
0,32,2433.508,1969.0864,-464.42163,464.42163,215687.45121008158
0,33,2351.728,1901.1315,-450.59656,450.59656,203037.25773645937
0,34,2137.856,2010.885,-126.97095,126.97095,16121.621449530125
0,35,1790.626,1928.5369,137.91089,137.91089,19019.4132142663
0,36,2608.51,1951.8815,-656.62854,656.62854,431161.0395938307
0,37,2269.42,1987.2959,-282.12402,282.12402,79593.96460056305
0,38,1930.51,1945.9423,15.432251,15.432251,238.15437020361423
0,39,2067.564,1995.4185,-72.14551,72.14551,5204.9742975234985
0,40,2760.902,2004.7319,-756.17017,756.17017,571793.3199720979
0,41,2110.234,1892.8169,-217.41699,217.41699,47270.148491859436
0,42,2092.99,1930.0701,-162.91992,162.91992,26542.900943756104
0,43,2842.728,1873.512,-969.21606,969.21606,939379.7795940042
0,44,1799.196,1986.6102,187.41418,187.41418,35124.07657815516
0,45,1693.778,1935.8901,242.11218,242.11218,58618.30897165835
0,46,2157.432,1967.8496,-189.58228,189.58228,35941.43914228678
0,47,2903.014,1990.4849,-912.52905,912.52905,832709.2720842957
0,48,2316.27,1958.3483,-357.92175,357.92175,128107.98122026026
0,49,2098.892,1889.351,-209.54114,209.54114,43907.48838664591
0,50,2712.986,1971.106,-741.8801,741.8801,550386.1227679849
0,51,1625.708,2005.3506,379.64258,379.64258,144128.48712539673
0,52,2582.238,1964.1766,-618.0614,618.0614,381999.89585997164
0,53,2420.932,1910.3926,-510.5393,510.5393,260650.38362509012
0,54,1944.542,2005.8967,61.354736,61.354736,3764.4036698937416
0,55,1369.768,1938.2383,568.47034,568.47034,323158.52395118773
0,56,1892.998,1927.4174,34.41931,34.41931,1184.6890057474375
0,57,2351.556,1924.1005,-427.45544,427.45544,182718.15689243376
0,58,1686.698,1918.2633,231.5653,231.5653,53622.491691842675
0,59,2097.132,1909.9166,-187.21545,187.21545,35049.626254454255
0,60,1797.756,1855.3584,57.602417,57.602417,3318.0384433418512
0,61,2054.56,1917.5002,-137.05981,137.05981,18785.392737925053
0,62,1761.156,1915.992,154.83594,154.83594,23974.167541503906
0,63,1953.572,1828.7441,-124.82788,124.82788,15581.99983984232
0,64,1983.728,1931.9951,-51.73291,51.73291,2676.2939932346344
0,65,2740.314,1888.4232,-851.89075,851.89075,725717.8449440151
0,66,1474.036,1805.1738,331.13782,331.13782,109652.25410105288
0,67,1461.28,1855.3464,394.0664,394.0664,155288.33253479004
0,68,1914.278,1785.1284,-129.14954,129.14954,16679.60268332064
0,69,1880.204,1891.6957,11.491699,11.491699,132.05915093421936
0,70,2120.156,1745.9421,-374.21387,374.21387,140036.0183954239
0,71,1765.056,1841.6981,76.64209,76.64209,5874.009935617447
0,72,711.666,1773.8187,1062.1527,1062.1527,1128168.3792773634
0,73,1298.728,1784.7891,486.06104,486.06104,236255.3298971653
0,74,766.906,1793.489,1026.583,1026.583,1053872.6719293594
0,75,935.8339,1831.4048,895.57086,895.57086,802047.1685345806
0,76,682.88007,1758.9648,1076.0847,1076.0847,1157958.3177238107
0,77,1133.726,1713.1957,579.4697,579.4697,335785.1640024185
0,78,794.7119,1757.7963,963.08435,963.08435,927531.466343537
0,79,1372.472,1713.541,341.06897,341.06897,116328.0421103388
0,80,2557.098,1691.7764,-865.32153,865.32153,748781.355825007
0,81,1760.112,1681.1124,-78.99963,78.99963,6240.942138805985
0,82,1822.632,1695.561,-127.07092,127.07092,16147.019434347749
0,83,1951.09,1615.7148,-335.37512,335.37512,112476.47250367701
0,84,1645.424,1726.2446,80.82068,80.82068,6531.982107296586
0,85,2383.01,1667.7491,-715.26086,715.26086,511598.1039388329
0,86,1566.714,1741.4475,174.73352,174.73352,30531.80318905413
0,87,1791.85,1664.7999,-127.05005,127.05005,16141.714907228947
0,88,1542.65,1745.8337,203.18372,203.18372,41283.62237454951
0,89,2009.13,1693.158,-315.97205,315.97205,99838.3337892443
0,90,1562.682,1678.6602,115.97815,115.97815,13450.931141510606
1,1,1144.166,1941.2708,797.10474,797.10474,635375.9606767297
1,2,2034.966,1893.2231,-141.7428,141.7428,20091.02074278891
1,3,1888.022,2001.6163,113.59436,113.59436,12903.678703680634
1,4,1455.2,1899.1495,443.9496,443.9496,197091.23398698866
1,5,2905.894,1900.926,-1004.968,1004.968,1009960.7163549066
1,6,2127.648,2009.7871,-117.86084,117.86084,13891.177568674088
1,7,2183.618,1920.6516,-262.9663,262.9663,69151.27945542336
1,8,2195.452,1923.4602,-271.9917,271.9917,73979.48444390297
1,9,2094.098,1890.2471,-203.85083,203.85083,41555.16092354059
1,10,2047.968,1968.8915,-79.07654,79.07654,6253.098875656724
1,11,2451.11,1952.9746,-498.1355,498.1355,248138.9744144082
1,12,2211.892,1891.2584,-320.63367,320.63367,102805.94840885699
1,13,1224.252,2013.2173,788.96533,788.96533,622466.2951471806
1,14,1308.836,1947.5881,638.7521,638.7521,408004.21356631815
1,15,2083.454,1987.1411,-96.31299,96.31299,9276.1917116642
1,16,1604.132,1996.6428,392.51086,392.51086,154064.7785604149
1,17,2219.78,1938.1893,-281.5907,281.5907,79293.3213365227
1,18,1777.18,1895.9999,118.819824,118.819824,14118.150627374649
1,19,1769.442,1928.97,159.52795,159.52795,25449.16813983023
1,20,1797.208,1889.3586,92.150635,92.150635,8491.739487707615
1,21,2336.9,1898.4159,-438.484,438.484,192268.22596372664
1,22,2508.466,1913.416,-595.05005,595.05005,354084.56061035395
1,23,1518.684,1855.8483,337.1643,337.1643,113679.7696724534
1,24,1282.538,2026.2921,743.75415,743.75415,553170.2362232804
1,25,0.0,2023.7837,2023.7837,2023.7837,4095700.4296019077
1,26,618.488,1915.2101,1296.7222,1296.7222,1681488.380901575
1,27,2196.76,1829.4327,-367.32727,367.32727,134929.32365871966
1,28,2150.112,1841.303,-308.80908,308.80908,95363.04914498329
1,29,1906.556,1898.107,-8.448975,8.448975,71.38517194986343
1,30,1881.098,1920.5099,39.411865,39.411865,1553.2951212525368
1,31,2433.508,1923.9817,-509.52637,509.52637,259617.11885929108
1,32,2351.728,1977.2117,-374.51636,374.51636,140262.50197654963
1,33,2137.856,1869.2451,-268.61084,268.61084,72151.78328156471
1,34,1790.626,1993.132,202.50598,202.50598,41008.67252112925
1,35,2608.51,1934.2018,-674.3082,674.3082,454691.5857268721
1,36,2269.42,1932.6957,-336.72424,336.72424,113383.21593441069
1,37,1930.51,1965.9209,35.41089,35.41089,1253.9310365319252
1,38,2067.564,1946.4476,-121.11633,121.11633,14669.166121259332
1,39,2760.902,1991.1765,-769.7256,769.7256,592477.4776468277
1,40,2110.234,1991.3997,-118.83423,118.83423,14121.573866903782
1,41,2092.99,1882.1324,-210.85754,210.85754,44460.90383864939
1,42,2842.728,1932.4272,-910.3008,910.3008,828647.5123443604
1,43,1799.196,1879.003,79.80701,79.80701,6369.158340111375
1,44,1693.778,1957.0378,263.2599,263.2599,69305.76846934855
1,45,2157.432,1956.1176,-201.31433,201.31433,40527.459887996316
1,46,2903.014,1988.7507,-914.2632,914.2632,835877.168874979
1,47,2316.27,1991.6562,-324.61377,324.61377,105374.09936928749
1,48,2098.892,1965.147,-133.74512,133.74512,17887.756371498108
1,49,2712.986,1918.9211,-794.06494,794.06494,630539.1311705112
1,50,1625.708,1925.3511,299.64307,299.64307,89785.96724534035
1,51,2582.238,1989.2197,-593.0183,593.0183,351670.7166438699
1,52,2420.932,1943.6204,-477.31152,477.31152,227826.2904062271
1,53,1944.542,1929.6643,-14.877686,14.877686,221.34552723169327
1,54,1369.768,1987.7333,617.96533,617.96533,381881.15159249306
1,55,1892.998,1949.5089,56.510864,56.510864,3193.4777791649103
1,56,2351.556,1958.4799,-393.07605,393.07605,154508.78093005717
1,57,1686.698,1881.7201,195.0221,195.0221,38033.61743153632
1,58,2097.132,1900.561,-196.57104,196.57104,38640.1757016778
1,59,1797.756,1914.0466,116.29065,116.29065,13523.515141144395
1,60,2054.56,1869.2302,-185.32983,185.32983,34347.147364676
1,61,1761.156,1906.1377,144.98169,144.98169,21019.690276682377
1,62,1953.572,1917.0621,-36.509888,36.509888,1332.971899524331
1,63,1983.728,1846.9443,-136.78369,136.78369,18709.77823472023
1,64,2740.314,1946.958,-793.35596,793.35596,629413.6745569706
1,65,1474.036,1882.8585,408.8225,408.8225,167135.84449106455
1,66,1461.28,1813.8073,352.52722,352.52722,124275.44202519953
1,67,1914.278,1865.2549,-49.02307,49.02307,2403.261518612504
1,68,1880.204,1758.2166,-121.98743,121.98743,14880.93228699267
1,69,2120.156,1900.6038,-219.55225,219.55225,48203.18876481056
1,70,1765.056,1790.6154,25.559326,25.559326,653.2791543602943
1,71,711.666,1805.8741,1094.2081,1094.2081,1197291.4315016419
1,72,1298.728,1767.0063,468.27832,468.27832,219284.58527469635
1,73,766.906,1773.0151,1006.10913,1006.10913,1012255.583198607
1,74,935.8339,1831.3538,895.51984,895.51984,801955.777432058
1,75,682.88007,1842.4692,1159.5891,1159.5891,1344646.9071107507
1,76,1133.726,1774.217,640.4911,640.4911,410228.8349182755
1,77,794.7119,1726.2161,931.50415,931.50415,867699.9821949601
1,78,1372.472,1779.1659,406.69385,406.69385,165399.88572144508
1,79,2557.098,1689.9626,-867.13525,867.13525,751923.5485670567
1,80,1760.112,1732.4808,-27.631226,27.631226,763.4846273809671
1,81,1822.632,1694.7427,-127.88928,127.88928,16355.668508425355
1,82,1951.09,1667.1608,-283.9292,283.9292,80615.79016900063
1,83,1645.424,1592.9069,-52.51709,52.51709,2758.0447256565094
1,84,2383.01,1743.0662,-639.94385,639.94385,409528.1281530857
1,85,1566.714,1668.8546,102.140625,102.140625,10432.707275390625
1,86,1791.85,1695.1925,-96.65747,96.65747,9342.666642725468
1,87,1542.65,1637.4843,94.83423,94.83423,8993.530898153782
1,88,2009.13,1728.8475,-280.28247,280.28247,78558.26338344812
1,89,1562.682,1693.8751,131.19312,131.19312,17211.633484899998
1,90,1663.384,1677.766,14.381958,14.381958,206.8407161384821
2,1,2034.966,1833.0791,-201.88684,201.88684,40758.2964964062
2,2,1888.022,1882.1814,-5.840576,5.840576,34.11233001947403
2,3,1455.2,1854.2031,399.00317,399.00317,159203.53272491693
2,4,2905.894,1763.2626,-1142.6315,1142.6315,1305606.6756094843
2,5,2127.648,1904.8313,-222.81665,222.81665,49647.25969129801
2,6,2183.618,1915.8071,-267.8108,267.8108,71722.61978441477
2,7,2195.452,1867.6458,-327.80615,327.80615,107456.87351441383
2,8,2094.098,1872.3441,-221.75378,221.75378,49174.74079801142
2,9,2047.968,1881.3229,-166.64514,166.64514,27770.603219404817
2,10,2451.11,1947.59,-503.52014,503.52014,253532.53299845755
2,11,2211.892,1938.605,-273.2871,273.2871,74685.84415054321
2,12,1224.252,1906.2823,682.0304,682.0304,465165.46039654315
2,13,1308.836,1971.1814,662.34534,662.34534,438701.34533180296
2,14,2083.454,1906.7509,-176.70325,176.70325,31224.037525191903
2,15,1604.132,1983.4972,379.36523,379.36523,143917.98105239868
2,16,2219.78,2063.5083,-156.27173,156.27173,24420.853133261204
2,17,1777.18,1911.4875,134.3075,134.3075,18038.503244653344
2,18,1769.442,1872.0596,102.61755,102.61755,10530.362329617143
2,19,1797.208,1953.6013,156.39331,156.39331,24458.867583811283
2,20,2336.9,1912.4727,-424.42725,424.42725,180138.48722672462
2,21,2508.466,1863.3604,-645.1057,645.1057,416161.3808041215
2,22,1518.684,1914.6809,395.99695,395.99695,156813.58301712573
2,23,1282.538,1914.3013,631.7633,631.7633,399124.87438358366
2,24,0.0,1982.6622,1982.6622,1982.6622,3930949.523999706
2,25,618.488,1970.0908,1351.6028,1351.6028,1826830.0835624337
2,26,2196.76,1982.3547,-214.40527,214.40527,45969.62127780914
2,27,2150.112,1834.2393,-315.8728,315.8728,99775.62750726938
2,28,1906.556,1809.6418,-96.914185,96.914185,9392.359170928597
2,29,1881.098,1893.1141,12.016113,12.016113,144.38697838783264
2,30,2433.508,1953.4795,-480.02856,480.02856,230427.42269092798
2,31,2351.728,1885.7478,-465.98022,465.98022,217137.56972700357
2,32,2137.856,1983.3126,-154.54333,154.54333,23883.642380848527
2,33,1790.626,1899.5425,108.916504,108.916504,11862.804823160172
2,34,2608.51,2016.5642,-591.9458,591.9458,350399.8310625553
2,35,2269.42,1918.5618,-350.85815,350.85815,123101.44443660975
2,36,1930.51,1932.886,2.3759766,2.3759766,5.645264625549316
2,37,2067.564,1993.7206,-73.84338,73.84338,5452.845329418778
2,38,2760.902,1935.2673,-825.63477,825.63477,681672.7662086487
2,39,2110.234,2016.8938,-93.34009,93.34009,8712.3720074296
2,40,2092.99,2002.6295,-90.36047,90.36047,8165.015195146203
2,41,2842.728,1882.2444,-960.48364,960.48364,922528.8276601434
2,42,1799.196,1935.7788,136.58276,136.58276,18654.851332247257
2,43,1693.778,1822.2502,128.47229,128.47229,16505.129307880998
2,44,2157.432,2004.5574,-152.87451,152.87451,23370.61633324623
2,45,2903.014,1894.8236,-1008.1903,1008.1903,1016447.6963732392
2,46,2316.27,1943.3964,-372.87366,372.87366,139034.76425351202
2,47,2098.892,1983.9681,-114.92395,114.92395,13207.514328494668
2,48,2712.986,1951.2018,-761.7843,761.7843,580315.3224046379
2,49,1625.708,1856.5282,230.82019,230.82019,53277.9603099972
2,50,2582.238,1969.4697,-612.7683,612.7683,375485.00241047144
2,51,2420.932,2011.1367,-409.79517,409.79517,167932.07808977365
2,52,1944.542,1957.3622,12.82019,12.82019,164.35728265345097
2,53,1369.768,1866.0059,496.2379,496.2379,246252.0683223158
2,54,1892.998,2003.9019,110.90381,110.90381,12299.654760599136
2,55,2351.556,1911.4526,-440.10327,440.10327,193690.88957124949
2,56,1686.698,1883.1484,196.45044,196.45044,38592.77516132593
2,57,2097.132,1907.1805,-189.95154,189.95154,36081.586821213365
2,58,1797.756,1907.8696,110.11365,110.11365,12125.015357151628
2,59,2054.56,1883.8774,-170.68262,170.68262,29132.55580997467
2,60,1761.156,1815.7913,54.635254,54.635254,2985.010969400406
2,61,1953.572,1916.3638,-37.208252,37.208252,1384.4540134072304
2,62,1983.728,1881.6332,-102.09485,102.09485,10423.358117356896
2,63,2740.314,1809.8827,-930.4313,930.4313,865702.3564077765
2,64,1474.036,1863.485,389.44897,389.44897,151670.5038242936
2,65,1461.28,1875.5947,414.3147,414.3147,171656.6683703065
2,66,1914.278,1765.2129,-149.06506,149.06506,22220.393149271607
2,67,1880.204,1784.8654,-95.33862,95.33862,9089.453044474125
2,68,2120.156,1782.6536,-337.50244,337.50244,113907.89795517921
2,69,1765.056,1836.2769,71.220825,71.220825,5072.40594150126
2,70,711.666,1699.5575,987.8915,987.8915,975929.5752532631
2,71,1298.728,1814.9037,516.17566,516.17566,266437.3111295849
2,72,766.906,1769.6199,1002.71387,1002.71387,1005435.0994501114
2,73,935.8339,1784.1741,848.34015,848.34015,719681.0082794167
2,74,682.88007,1749.0327,1066.1526,1066.1526,1136681.3406658769
2,75,1133.726,1810.3662,676.64026,676.64026,457842.0398141295
2,76,794.7119,1732.8708,938.15894,938.15894,880142.1883464456
2,77,1372.472,1688.8762,316.40417,316.40417,100111.60183383524
2,78,2557.098,1715.2034,-841.89453,841.89453,708786.4017486572
2,79,1760.112,1692.1445,-67.96753,67.96753,4619.585038721561
2,80,1822.632,1649.1143,-173.5177,173.5177,30108.39228107035
2,81,1951.09,1644.4812,-306.60876,306.60876,94008.93455924094
2,82,1645.424,1705.3748,59.950806,59.950806,3594.0990997701883
2,83,2383.01,1627.2504,-755.75964,755.75964,571172.6388259083
2,84,1566.714,1674.3053,107.59131,107.59131,11575.889684915543
2,85,1791.85,1654.7463,-137.10364,137.10364,18797.407469287515
2,86,1542.65,1756.3353,213.6853,213.6853,45661.40860468149
2,87,2009.13,1686.4197,-322.71033,322.71033,104141.95524825156
2,88,1562.682,1738.9434,176.26135,176.26135,31068.064398899674
2,89,1663.384,1682.5361,19.1521,19.1521,366.802919447422
2,90,131.73218,1686.4607,1554.7285,1554.7285,2417180.757297516
3,1,1888.022,1921.1602,33.138184,33.138184,1098.1392118930817
3,2,1455.2,1904.3099,449.11,449.11,201699.77894248068
3,3,2905.894,1956.986,-948.9081,948.9081,900426.5462908894
3,4,2127.648,1844.0114,-283.6366,283.6366,80449.71897603571
3,5,2183.618,1882.1318,-301.48608,301.48608,90893.85883623362
3,6,2195.452,1977.8958,-217.55615,217.55615,47330.67942261696
3,7,2094.098,1945.7842,-148.31372,148.31372,21996.95974880457
3,8,2047.968,1921.9042,-126.06384,126.06384,15892.09245480597
3,9,2451.11,1895.5195,-555.5906,555.5906,308680.88833099604
3,10,2211.892,1944.9198,-266.9723,266.9723,71274.20364870131
3,11,1224.252,1915.3052,691.0532,691.0532,477554.55654358864
3,12,1308.836,1900.8447,592.00867,592.00867,350474.26179386675
3,13,2083.454,2002.8916,-80.5625,80.5625,6490.31640625
3,14,1604.132,1963.6594,359.52747,359.52747,129259.99867917597
3,15,2219.78,1981.418,-238.36206,238.36206,56816.4719081521
3,16,1777.18,2040.9757,263.79565,263.79565,69588.14722591639
3,17,1769.442,1925.6136,156.17163,156.17163,24389.57828527689
3,18,1797.208,1884.2122,87.00415,87.00415,7569.722185194492
3,19,2336.9,1938.352,-398.54785,398.54785,158840.38998508453
3,20,2508.466,1910.6255,-597.8406,597.8406,357413.3545175195
3,21,1518.684,1866.4502,347.76624,347.76624,120941.35445059836
3,22,1282.538,1928.0852,645.54724,645.54724,416731.2406350523
3,23,0.0,1878.2201,1878.2201,1878.2201,3527710.71689786
3,24,618.488,2002.8943,1384.4062,1384.4062,1916580.6650390625
3,25,2196.76,1983.3937,-213.36633,213.36633,45525.19206120074
3,26,2150.112,1923.2549,-226.85718,226.85718,51464.17908960581
3,27,1906.556,1837.1886,-69.36743,69.36743,4811.840572416782
3,28,1881.098,1829.0562,-52.04187,52.04187,2708.3562452942133
3,29,2433.508,1870.5479,-562.9602,562.9602,316924.19250160456
3,30,2351.728,1915.1633,-436.5647,436.5647,190588.7348986268
3,31,2137.856,1895.8842,-241.9718,241.9718,58550.35284592211
3,32,1790.626,1979.4766,188.85059,188.85059,35664.54380893707
3,33,2608.51,1870.9513,-737.5587,737.5587,543992.8592825085
3,34,2269.42,2000.1001,-269.31982,269.31982,72533.1677172184
3,35,1930.51,1918.3363,-12.173706,12.173706,148.1991191059351
3,36,2067.564,1878.1007,-189.46326,189.46326,35896.32569088042
3,37,2760.902,1934.325,-826.57715,826.57715,683229.7823190689
3,38,2110.234,1953.8293,-156.40454,156.40454,24462.380450308323
3,39,2092.99,1955.9624,-137.02759,137.02759,18776.55984312296
3,40,2842.728,1957.6237,-885.1044,885.1044,783409.7460005432
3,41,1799.196,1901.7458,102.549805,102.549805,10516.462441444397
3,42,1693.778,1949.5975,255.81958,255.81958,65443.65755134821
3,43,2157.432,1841.9719,-315.45996,315.45996,99514.98695468903
3,44,2903.014,1947.2522,-955.7617,955.7617,913480.4630279541
3,45,2316.27,1931.0227,-385.2473,385.2473,148415.49329334497
3,46,2098.892,1944.7432,-154.14893,154.14893,23761.89131951332
3,47,2712.986,1976.0911,-736.895,736.895,543014.2698099613
3,48,1625.708,1950.1934,324.48535,324.48535,105290.74337863922
3,49,2582.238,1907.458,-674.78,674.78,455328.0879378915
3,50,2420.932,1926.7898,-494.1421,494.1421,244176.4049551487
3,51,1944.542,1983.4945,38.952515,38.952515,1517.298397436738
3,52,1369.768,1941.6478,571.8799,571.8799,327046.60036563873
3,53,1892.998,1883.3147,-9.68335,9.68335,93.76725965738297
3,54,2351.556,1968.108,-383.44788,383.44788,147032.27359093726
3,55,1686.698,1947.9089,261.21094,261.21094,68231.1538696289
3,56,2097.132,1934.1083,-163.0238,163.0238,26576.76057638228
3,57,1797.756,1896.6946,98.9386,98.9386,9788.846299424767
3,58,2054.56,1902.3007,-152.2594,152.2594,23182.924709931016
3,59,1761.156,1878.4276,117.27161,117.27161,13752.62967826426
3,60,1953.572,1812.084,-141.48804,141.48804,20018.864645063877
3,61,1983.728,1857.5591,-126.168945,126.168945,15918.602761268616
3,62,2740.314,1900.676,-839.63794,839.63794,704991.8693690896
3,63,1474.036,1823.1755,349.13953,349.13953,121898.40887190402
3,64,1461.28,1901.2185,439.93848,439.93848,193545.86316013336
3,65,1914.278,1876.339,-37.938965,37.938965,1439.3650534152985
3,66,1880.204,1794.1763,-86.02771,86.02771,7400.766881123185
3,67,2120.156,1820.6444,-299.5116,299.5116,89707.19654561579
3,68,1765.056,1755.6447,-9.411377,9.411377,88.57401615381241
3,69,711.666,1897.0714,1185.4054,1185.4054,1405185.9516990334
3,70,1298.728,1759.5698,460.8418,460.8418,212375.16174697876
3,71,766.906,1803.711,1036.805,1036.805,1074964.71940054
3,72,935.8339,1777.4012,841.5673,841.5673,708235.5570834912
3,73,682.88007,1769.8048,1086.9248,1086.9248,1181405.53104496
3,74,1133.726,1772.5646,638.8386,638.8386,408114.78629642725
3,75,794.7119,1810.4974,1015.7855,1015.7855,1031820.2276412398
3,76,1372.472,1779.2075,406.73547,406.73547,165433.7455113083
3,77,2557.098,1715.743,-841.35486,841.35486,707877.9977506548
3,78,1760.112,1727.321,-32.791016,32.791016,1075.2507057189941
3,79,1822.632,1713.5344,-109.097534,109.097534,11902.271964088082
3,80,1951.09,1699.0063,-252.08362,252.08362,63546.15054668486
3,81,1645.424,1654.056,8.63208,8.63208,74.5128064751625
3,82,2383.01,1696.6302,-686.37976,686.37976,471117.17595650256
3,83,1566.714,1627.652,60.93799,60.93799,3713.4384157657623
3,84,1791.85,1728.8943,-62.95569,62.95569,3963.4187115579844
3,85,1542.65,1675.7039,133.05383,133.05383,17703.322478070855
3,86,2009.13,1707.4854,-301.64465,301.64465,90989.49687673151
3,87,1562.682,1664.8911,102.20911,102.20911,10446.701440349221
3,88,1663.384,1695.12,31.735962,31.735962,1007.1712786108255
3,89,131.73218,1668.8153,1537.0831,1537.0831,2362624.548170343
3,90,917.28204,1664.8135,747.53143,747.53143,558803.2434807159
4,1,1455.2,1944.9843,489.7843,489.7843,239888.66224838793
4,2,2905.894,1866.1132,-1039.7809,1039.7809,1081144.286293164
4,3,2127.648,1994.2028,-133.44519,133.44519,17807.61884881556
4,4,2183.618,1891.7328,-291.88513,291.88513,85196.93018688262
4,5,2195.452,1919.7368,-275.7151,275.7151,76018.80969053507
4,6,2094.098,1982.6086,-111.48926,111.48926,12429.854607582092
4,7,2047.968,1912.4619,-135.5061,135.5061,18361.904089987278
4,8,2451.11,1914.5074,-536.60266,536.60266,287942.415934816
4,9,2211.892,1903.6772,-308.21484,308.21484,94996.38990783691
4,10,1224.252,1949.8125,725.56055,725.56055,526438.1071815491
4,11,1308.836,1947.0144,638.17834,638.17834,407271.59967793524
4,12,2083.454,1877.346,-206.10815,206.10815,42480.57126766443
4,13,1604.132,2028.8566,424.7246,424.7246,180390.99380874634
4,14,2219.78,1922.1816,-297.5984,297.5984,88564.80094009638
4,15,1777.18,2007.1171,229.93701,229.93701,52871.029358148575
4,16,1769.442,1986.3495,216.90747,216.90747,47048.85084682703
4,17,1797.208,1896.9482,99.740234,99.740234,9948.114353179932
4,18,2336.9,1880.5928,-456.30713,456.30713,208216.19589066505
4,19,2508.466,1923.7374,-584.72864,584.72864,341907.57974101603
4,20,1518.684,1828.4279,309.7439,309.7439,95941.28140932322
4,21,1282.538,1877.9868,595.44885,595.44885,354559.3359900862
4,22,0.0,1904.2661,1904.2661,1904.2661,3626229.4301912785
4,23,618.488,1857.6505,1239.1626,1239.1626,1535523.9434301853
4,24,2196.76,2021.0636,-175.69641,175.69641,30869.22888495028
4,25,2150.112,1988.31,-161.802,161.802,26179.887836039066
4,26,1906.556,1940.0251,33.469116,33.469116,1120.1817399412394
4,27,1881.098,1790.9658,-90.1322,90.1322,8123.8138641268015
4,28,2433.508,1807.2712,-626.2368,626.2368,392172.55022263527
4,29,2351.728,1895.5469,-456.18115,456.18115,208101.24375367165
4,30,2137.856,1937.1213,-200.73462,200.73462,40294.38732153177
4,31,1790.626,1924.3687,133.74268,133.74268,17887.103325128555
4,32,2608.51,1963.8796,-644.6304,644.6304,415548.31533646584
4,33,2269.42,1886.3928,-383.0271,383.0271,146709.75903517008
4,34,1930.51,1970.4104,39.90039,39.90039,1592.041172027588
4,35,2067.564,1893.9402,-173.62378,173.62378,30145.21673732996
4,36,2760.902,1964.7063,-796.1958,796.1958,633927.7531816959
4,37,2110.234,1973.3577,-136.87622,136.87622,18735.099793970585
4,38,2092.99,1889.8833,-203.10669,203.10669,41252.32730060816
4,39,2842.728,1985.1188,-857.60925,857.60925,735493.6307106167
4,40,1799.196,1978.7887,179.59265,179.59265,32253.520425096154
4,41,1693.778,1841.0837,147.30579,147.30579,21698.994628205895
4,42,2157.432,1853.2344,-304.1975,304.1975,92536.12494760752
4,43,2903.014,1873.6449,-1029.369,1029.369,1059600.5763602406
4,44,2316.27,1961.8417,-354.42834,354.42834,125619.45154561102
4,45,2098.892,1912.5922,-186.29993,186.29993,34707.6627099663
4,46,2712.986,1969.7607,-743.22534,743.22534,552383.9086890817
4,47,1625.708,1991.6816,365.97363,365.97363,133936.69991397858
4,48,2582.238,1937.7625,-644.4756,644.4756,415348.78086948395
4,49,2420.932,1866.7576,-554.1743,554.1743,307109.1729643345
4,50,1944.542,1936.4242,-8.117798,8.117798,65.89864195883274
4,51,1369.768,1957.0542,587.28625,587.28625,344905.1451742798
4,52,1892.998,1909.3918,16.393799,16.393799,268.7566400170326
4,53,2351.556,1898.5829,-452.97302,452.97302,205184.559077397
4,54,1686.698,1983.7739,297.07593,297.07593,88254.1068392396
4,55,2097.132,1897.7039,-199.42822,199.42822,39771.615991830826
4,56,1797.756,1903.6284,105.87244,105.87244,11208.972815409303
4,57,2054.56,1877.6272,-176.93286,176.93286,31305.23741775751
4,58,1761.156,1870.9863,109.83032,109.83032,12062.699688971043
4,59,1953.572,1887.6772,-65.894775,65.894775,4342.121423780918
4,60,1983.728,1837.3113,-146.41675,146.41675,21437.864108622074
4,61,2740.314,1911.2334,-829.08057,829.08057,687374.5855925083
4,62,1474.036,1881.4551,407.41907,407.41907,165990.2964670807
4,63,1461.28,1817.5365,356.25647,356.25647,126918.67222203314
4,64,1914.278,1935.5928,21.31482,21.31482,454.32152332365513
4,65,1880.204,1846.457,-33.74695,33.74695,1138.856515660882
4,66,2120.156,1768.799,-351.35706,351.35706,123451.78056491911
4,67,1765.056,1833.3762,68.32019,68.32019,4667.6484203487635
4,68,711.666,1740.7327,1029.0667,1029.0667,1058978.1709461808
4,69,1298.728,1842.2263,543.4983,543.4983,295390.392336905
4,70,766.906,1709.7418,942.8358,942.8358,888939.3748569638
4,71,935.8339,1821.2017,885.36774,885.36774,783876.0293954052
4,72,682.88007,1715.6848,1032.8047,1032.8047,1066685.5225219727
4,73,1133.726,1732.2051,598.4791,598.4791,358177.26422967017
4,74,794.7119,1791.4818,996.7699,996.7699,993550.2284842879
4,75,1372.472,1795.488,423.016,423.016,178942.52882017195
4,76,2557.098,1717.5989,-839.499,839.499,704758.6103525162
4,77,1760.112,1656.1438,-103.96826,103.96826,10809.399444818497
4,78,1822.632,1745.9252,-76.70679,76.70679,5883.931188642979
4,79,1951.09,1622.1458,-328.9442,328.9442,108204.29583670199
4,80,1645.424,1665.8976,20.473633,20.473633,419.16964054107666
4,81,2383.01,1663.3499,-719.66016,719.66016,517910.7404937744
4,82,1566.714,1608.9927,42.278687,42.278687,1787.4873341470957
4,83,1791.85,1546.8522,-244.9978,244.9978,60023.923344671726
4,84,1542.65,1660.9161,118.26611,118.26611,13986.873550653458
4,85,2009.13,1631.3226,-377.80737,377.80737,142738.41112858057
4,86,1562.682,1659.365,96.68298,96.68298,9347.599278822541
4,87,1663.384,1595.4707,-67.91333,67.91333,4612.220402300358
4,88,131.73218,1699.8286,1568.0964,1568.0964,2458926.4311748147
4,89,917.28204,1630.247,712.9649,712.9649,508318.9554553069
4,90,1618.59,1629.9982,11.408203,11.408203,130.14709854125977
5,1,2905.894,1882.7871,-1023.10693,1023.10693,1046747.797567606
5,2,2127.648,1881.7484,-245.89954,245.89954,60466.58187033236
5,3,2183.618,1918.1592,-265.45874,265.45874,70468.34276682138
5,4,2195.452,1815.1989,-380.25305,380.25305,144592.38337112963
5,5,2094.098,1901.5643,-192.53357,192.53357,37069.17532123625
5,6,2047.968,1946.5057,-101.46228,101.46228,10294.594318285584
5,7,2451.11,1897.8572,-553.2529,553.2529,306088.8042078018
5,8,2211.892,1889.6111,-322.281,322.281,103865.0467377305
5,9,1224.252,1891.0298,666.77783,666.77783,444592.67728829384
5,10,1308.836,1955.1648,646.32874,646.32874,417740.8341411501
5,11,2083.454,1935.7762,-147.67786,147.67786,21808.749284282327
5,12,1604.132,1896.228,292.09607,292.09607,85320.11372150481
5,13,2219.78,1995.321,-224.45898,224.45898,50381.835666656494
5,14,1777.18,1921.7677,144.58765,144.58765,20905.5875158906
5,15,1769.442,1995.923,226.48096,226.48096,51293.62389779091
5,16,1797.208,2042.2114,245.00342,245.00342,60026.67481637001
5,17,2336.9,1911.7577,-425.1422,425.1422,180745.90035118163
5,18,2508.466,1875.4451,-633.021,633.021,400715.58149552345
5,19,1518.684,1937.5322,418.84827,418.84827,175433.87043513358
5,20,1282.538,1872.5735,590.0355,590.0355,348141.9177657515
5,21,0.0,1865.9197,1865.9197,1865.9197,3481656.243756354
5,22,618.488,1914.2589,1295.771,1295.771,1679022.474317789
5,23,2196.76,1885.367,-311.39307,311.39307,96965.64180588722
5,24,2150.112,1998.9932,-151.1189,151.1189,22836.920874655247
5,25,1906.556,1967.4039,60.8479,60.8479,3702.466981947422
5,26,1881.098,1960.6885,79.590454,79.590454,6334.640384092927
5,27,2433.508,1804.8757,-628.6323,628.6323,395178.5990526676
5,28,2351.728,1807.4575,-544.2705,544.2705,296230.3856744766
5,29,2137.856,1881.9026,-255.95337,255.95337,65512.127174437046
5,30,1790.626,1941.1917,150.56567,150.56567,22670.022135317326
5,31,2608.51,1901.4973,-707.0127,707.0127,499866.95133304596
5,32,2269.42,1983.0479,-286.37207,286.37207,82008.96265506744
5,33,1930.51,1887.7466,-42.763428,42.763428,1828.710751593113
5,34,2067.564,1985.9045,-81.659424,81.659424,6668.261499941349
5,35,2760.902,1899.2727,-861.6294,861.6294,742405.2135202885
5,36,2110.234,1926.489,-183.74487,183.74487,33762.17837101221
5,37,2092.99,1973.0837,-119.90625,119.90625,14377.5087890625
5,38,2842.728,1906.5302,-936.1979,936.1979,876466.4629830271
5,39,1799.196,1992.0441,192.84802,192.84802,37190.359767094254
5,40,1693.778,1973.0723,279.2943,279.2943,78005.31244935095
5,41,2157.432,1858.7233,-298.70862,298.70862,89226.83856548369
5,42,2903.014,1895.3844,-1007.6295,1007.6295,1015317.2427266985
5,43,2316.27,1829.0281,-487.24194,487.24194,237404.7113686204
5,44,2098.892,1980.986,-117.90613,117.90613,13901.855003371835
5,45,2712.986,1892.6707,-820.3154,820.3154,672917.4041833878
5,46,1625.708,1952.1274,326.41943,326.41943,106549.64662766457
5,47,2582.238,1983.4197,-598.81836,598.81836,358583.42752456665
5,48,2420.932,1942.5331,-478.3988,478.3988,228865.4153920561
5,49,1944.542,1851.0947,-93.447266,93.447266,8732.391452789307
5,50,1369.768,1938.7463,568.9784,568.9784,323736.41233207285
5,51,1892.998,1981.5625,88.56445,88.56445,7843.662357330322
5,52,2351.556,1929.1316,-422.42432,422.42432,178442.3030912876
5,53,1686.698,1867.4612,180.76318,180.76318,32675.32854294777
5,54,2097.132,1980.2878,-116.84424,116.84424,13652.576019525528
5,55,1797.756,1900.3905,102.63452,102.63452,10533.845000326633
5,56,2054.56,1883.8142,-170.74585,170.74585,29154.145158827305
5,57,1761.156,1882.3359,121.17993,121.17993,14684.575832426548
5,58,1953.572,1881.4546,-72.11743,72.11743,5200.92394644022
5,59,1983.728,1872.064,-111.66406,111.66406,12468.862854003906
5,60,2740.314,1809.3281,-930.98584,930.98584,866734.6339895725
5,61,1474.036,1898.5627,424.52673,424.52673,180222.94736994803
5,62,1461.28,1871.7776,410.49756,410.49756,168508.2456114292
5,63,1914.278,1809.1221,-105.15588,105.15588,11057.759895458817
5,64,1880.204,1876.1426,-4.0614014,4.0614014,16.494981065392494
5,65,2120.156,1851.9382,-268.21777,268.21777,71940.77398777008
5,66,1765.056,1748.2303,-16.825684,16.825684,283.1036283969879
5,67,711.666,1782.2173,1070.5513,1070.5513,1146080.020694971
5,68,1298.728,1746.6335,447.90552,447.90552,200619.35267692804
5,69,766.906,1825.2039,1058.2979,1058.2979,1119994.3426218033
5,70,935.8339,1693.1038,757.26984,757.26984,573457.6051603295
5,71,682.88007,1803.5767,1120.6965,1120.6965,1255960.719533503
5,72,1133.726,1738.5386,604.8126,604.8126,365798.30781556666
5,73,794.7119,1746.8813,952.16943,952.16943,906626.6302702427
5,74,1372.472,1753.1252,380.6532,380.6532,144896.8573320061
5,75,2557.098,1792.8777,-764.2202,764.2202,584032.5367758274
5,76,1760.112,1718.9034,-41.20862,41.20862,1698.1502109915018
5,77,1822.632,1668.1738,-154.45813,154.45813,23857.313886895776
5,78,1951.09,1710.057,-241.03296,241.03296,58096.8873167634
5,79,1645.424,1649.9001,4.4761963,4.4761963,20.036333218216896
5,80,2383.01,1643.2802,-739.72986,739.72986,547200.2634061724
5,81,1566.714,1634.2723,67.55835,67.55835,4564.130601942539
5,82,1791.85,1653.2042,-138.64575,138.64575,19222.644534647465
5,83,1542.65,1587.6742,45.02417,45.02417,2027.1758771538734
5,84,2009.13,1651.9666,-357.16345,357.16345,127565.7315505892
5,85,1562.682,1638.2761,75.59412,75.59412,5714.470405712724
5,86,1663.384,1696.188,32.803955,32.803955,1076.099468767643
5,87,131.73218,1645.1449,1513.4127,1513.4127,2290418.060230151
5,88,917.28204,1703.2683,785.98627,785.98627,617774.4120538272
5,89,1618.59,1643.6741,25.084106,25.084106,629.2123961597681
5,90,1822.162,1656.5599,-165.60205,165.60205,27424.039222955704
6,1,2127.648,1923.4729,-204.17505,204.17505,41687.45056396723
6,2,2183.618,1853.6407,-329.97717,329.97717,108884.93460310996
6,3,2195.452,2027.6418,-167.81006,167.81006,28160.21576523781
6,4,2094.098,1887.9314,-206.1665,206.1665,42504.6273329258
6,5,2047.968,1777.4763,-270.4917,270.4917,73165.75934624672
6,6,2451.11,1989.5934,-461.51672,461.51672,212997.68619276583
6,7,2211.892,1977.5515,-234.34058,234.34058,54915.50564056635
6,8,1224.252,1881.5695,657.3175,657.3175,432066.30222536623
6,9,1308.836,1866.362,557.526,557.526,310835.24176491797
6,10,2083.454,1912.9169,-170.53723,170.53723,29082.947309032083
6,11,1604.132,1871.2761,267.14417,267.14417,71366.00491441786
6,12,2219.78,1854.44,-365.3401,365.3401,133473.3798199296
6,13,1777.18,1971.3867,194.20667,194.20667,37716.22874559462
6,14,1769.442,1995.6226,226.18054,226.18054,51157.63757587969
6,15,1797.208,1935.273,138.06494,138.06494,19061.928045511246
6,16,2336.9,1932.3008,-404.59912,404.59912,163700.44878983498
6,17,2508.466,1911.4192,-597.0469,597.0469,356464.9709472656
6,18,1518.684,1852.198,333.51404,333.51404,111231.61360038817
6,19,1282.538,1833.9944,551.4564,551.4564,304104.18415011466
6,20,0.0,1895.5348,1895.5348,1895.5348,3593052.1402484328
6,21,618.488,1866.2987,1247.8108,1247.8108,1557031.7701750398
6,22,2196.76,1876.3954,-320.36462,320.36462,102633.49232567847
6,23,2150.112,1767.233,-382.87903,382.87903,146596.35032750666
6,24,1906.556,1986.1345,79.57849,79.57849,6332.736263409257
6,25,1881.098,1955.7506,74.65259,74.65259,5573.00887876749
6,26,2433.508,1794.5927,-638.9154,638.9154,408212.8950957209
6,27,2351.728,1804.5863,-547.1417,547.1417,299364.065739885
6,28,2137.856,1852.7017,-285.1543,285.1543,81312.97302627563
6,29,1790.626,1791.9408,1.3148193,1.3148193,1.7287498861551285
6,30,2608.51,1786.6957,-821.81433,821.81433,675378.7947268635
6,31,2269.42,1858.514,-410.90588,410.90588,168843.64533247054
6,32,1930.51,1969.1293,38.619263,38.619263,1491.4474511295557
6,33,2067.564,1766.2213,-301.34265,301.34265,90807.39353300631
6,34,2760.902,1912.2367,-848.6654,848.6654,720232.9701079279
6,35,2110.234,1904.0669,-206.16699,206.16699,42504.828667640686
6,36,2092.99,1806.0044,-286.9856,286.9856,82360.73214107752
6,37,2842.728,1808.5895,-1034.1385,1034.1385,1069442.5401921421
6,38,1799.196,1891.7987,92.60266,92.60266,8575.252848878503
6,39,1693.778,1879.4692,185.69128,185.69128,34481.25302030146
6,40,2157.432,1836.1052,-321.32666,321.32666,103250.82252717018
6,41,2903.014,1820.144,-1082.8699,1082.8699,1172607.1619525552
6,42,2316.27,1951.2831,-364.98694,364.98694,133215.46525849402
6,43,2098.892,1804.5885,-294.3036,294.3036,86614.60242010653
6,44,2712.986,1810.9017,-902.08435,902.08435,813756.1755720526
6,45,1625.708,1922.9214,297.21338,297.21338,88335.79260087013
6,46,2582.238,1934.6537,-647.58435,647.58435,419365.4911238104
6,47,2420.932,1890.9021,-530.0298,530.0298,280931.57315278053
6,48,1944.542,1944.7063,0.16430664,0.16430664,0.0269966721534729
6,49,1369.768,1929.1753,559.40735,559.40735,312936.58170439303
6,50,1892.998,1801.6536,-91.34448,91.34448,8343.81446892023
6,51,2351.556,1924.7338,-426.82214,426.82214,182177.14222861826
6,52,1686.698,1899.0797,212.38171,212.38171,45105.9923851639
6,53,2097.132,1870.6616,-226.47046,226.47046,51288.86879259348
6,54,1797.756,1866.325,68.56897,68.56897,4701.703609362245
6,55,2054.56,1962.3037,-92.25635,92.25635,8511.233682870865
6,56,1761.156,1986.9539,225.79785,225.79785,50984.669770240784
6,57,1953.572,1783.0431,-170.52893,170.52893,29080.116193428636
6,58,1983.728,1809.5839,-174.14417,174.14417,30326.190217152238
6,59,2740.314,1824.741,-915.573,915.573,838273.914752543
6,60,1474.036,1752.1259,278.08984,278.08984,77333.96119689941
6,61,1461.28,1748.4933,287.21326,287.21326,82491.4549023062
6,62,1914.278,1887.3293,-26.948608,26.948608,726.2274946123362
6,63,1880.204,1804.7087,-75.49524,75.49524,5699.531150594354
6,64,2120.156,1816.4783,-303.67773,303.67773,92220.16635513306
6,65,1765.056,1815.8191,50.76306,50.76306,2576.8884152323008
6,66,711.666,1767.9178,1056.2518,1056.2518,1115667.93060638
6,67,1298.728,1760.4908,461.76282,461.76282,213224.89951731265
6,68,766.906,1645.4414,878.5354,878.5354,771824.4497395158
6,69,935.8339,1835.615,899.78107,899.78107,809605.9683418609
6,70,682.88007,1803.3175,1120.4375,1120.4375,1255380.19140625
6,71,1133.726,1667.0422,533.3163,533.3163,284426.2589712292
6,72,794.7119,1720.3167,925.60474,925.60474,856744.1279130578
6,73,1372.472,1693.6224,321.1504,321.1504,103137.57339859009
6,74,2557.098,1761.4845,-795.6134,795.6134,633000.6875429302
6,75,1760.112,1785.5345,25.422485,25.422485,646.3027614504099
6,76,1822.632,1768.3749,-54.25708,54.25708,2943.8307386040688
6,77,1951.09,1701.7546,-249.33533,249.33533,62168.105364218354
6,78,1645.424,1670.6575,25.23352,25.23352,636.730557218194
6,79,2383.01,1620.0105,-762.9995,762.9995,582168.2548830509
6,80,1566.714,1715.0258,148.31177,148.31177,21996.38040214777
6,81,1791.85,1628.788,-163.06201,163.06201,26589.219665765762
6,82,1542.65,1596.4633,53.813232,53.813232,2895.8639836907387
6,83,2009.13,1557.605,-451.52502,451.52502,203874.84767211974
6,84,1562.682,1728.0367,165.35474,165.35474,27342.18882614374
6,85,1663.384,1675.7915,12.407471,12.407471,153.94532924890518
6,86,131.73218,1600.3127,1468.5806,1468.5806,2156728.880026102
6,87,917.28204,1577.26,659.97797,659.97797,435570.9160128273
6,88,1618.59,1568.3566,-50.2334,50.2334,2523.3943185806274
6,89,1822.162,1612.6669,-209.49512,209.49512,43888.20412540436
6,90,1994.752,1589.5999,-405.1521,405.1521,164148.22381788492
7,1,2183.618,1906.5103,-277.10767,277.10767,76788.65856462717
7,2,2195.452,1830.5201,-364.93176,364.93176,133175.19142390788
7,3,2094.098,2013.814,-80.283936,80.283936,6445.510306894779
7,4,2047.968,1877.7509,-170.21716,170.21716,28973.882609024644
7,5,2451.11,1798.8827,-652.2274,652.2274,425400.60347630084
7,6,2211.892,1967.0503,-244.8418,244.8418,59947.50549697876
7,7,1224.252,1928.5488,704.2969,704.2969,496034.0881347656
7,8,1308.836,1852.5687,543.73267,543.73267,295645.2120924592
7,9,2083.454,1844.3545,-239.09961,239.09961,57168.62320327759
7,10,1604.132,1939.3145,335.1825,335.1825,112347.30503298342
7,11,2219.78,1873.192,-346.588,346.588,120123.2505440861
7,12,1777.18,1840.5872,63.407104,63.407104,4020.4609000831842
7,13,1769.442,1982.4187,212.97668,212.97668,45359.06817056239
7,14,1797.208,1973.4818,176.2738,176.2738,31072.453874722123
7,15,2336.9,1957.8472,-379.05273,379.05273,143680.9754371643
7,16,2508.466,1951.719,-556.7471,556.7471,309967.3003015518
7,17,1518.684,1900.2332,381.5492,381.5492,145579.787698403
7,18,1282.538,1842.5969,560.05896,560.05896,313666.038632527
7,19,0.0,1842.0222,1842.0222,1842.0222,3393045.8471732736
7,20,618.488,1816.9183,1198.4304,1198.4304,1436235.4713941216
7,21,2196.76,1860.823,-335.937,335.937,112853.67584252357
7,22,2150.112,1862.0839,-288.0282,288.0282,82960.24298264086
7,23,1906.556,1777.2166,-129.33948,129.33948,16728.700450077653
7,24,1881.098,1997.0009,115.90283,115.90283,13433.466472864151
7,25,2433.508,1933.5071,-500.00098,500.00098,250000.97656345367
7,26,2351.728,1851.8792,-499.84888,499.84888,249848.8997913003
7,27,2137.856,1776.5999,-361.2561,361.2561,130505.97232729197
7,28,1790.626,1836.1931,45.56714,45.56714,2076.364126741886
7,29,2608.51,1801.9463,-806.5637,806.5637,650545.0355544686
7,30,2269.42,1839.3322,-430.08777,430.08777,184975.48866035044
7,31,1930.51,1909.104,-21.406006,21.406006,458.21708685159683
7,32,2067.564,1994.881,-72.68298,72.68298,5282.816075697541
7,33,2760.902,1824.4229,-936.47925,936.47925,876993.3820224404
7,34,2110.234,1896.8676,-213.36633,213.36633,45525.19206120074
7,35,2092.99,1890.8557,-202.13428,202.13428,40858.266077280045
7,36,2842.728,1912.0809,-930.6471,930.6471,866104.0149229914
7,37,1799.196,1876.2903,77.09424,77.09424,5943.521576166153
7,38,1693.778,1864.821,171.04309,171.04309,29255.73891736567
7,39,2157.432,1895.1647,-262.2672,262.2672,68784.09044517577
7,40,2903.014,1848.4661,-1054.5479,1054.5479,1112071.1712350845
7,41,2316.27,1810.008,-506.26196,506.26196,256301.17506986856
7,42,2098.892,1915.4841,-183.40796,183.40796,33638.47941881418
7,43,2712.986,1810.0851,-902.901,902.901,815230.2175644785
7,44,1625.708,1866.8884,241.18042,241.18042,58167.99495369196
7,45,2582.238,1932.026,-650.21204,650.21204,422775.69193197787
7,46,2420.932,1960.2006,-460.73132,460.73132,212273.35221649706
7,47,1944.542,1910.8671,-33.674927,33.674927,1134.0006921440363
7,48,1369.768,1952.5135,582.7456,582.7456,339592.44069314003
7,49,1892.998,1889.1848,-3.8132324,3.8132324,14.540741503238678
7,50,2351.556,1843.7273,-507.8286,507.8286,257889.90046715736
7,51,1686.698,1931.5334,244.83545,244.83545,59944.39719414711
7,52,2097.132,1916.2438,-180.8883,180.8883,32720.579126015306
7,53,1797.756,1881.762,84.00598,84.00598,7057.004918590188
7,54,2054.56,1915.0344,-139.52563,139.52563,19467.402756750584
7,55,1761.156,1949.8953,188.73926,188.73926,35622.50743961334
7,56,1953.572,1948.4502,-5.121826,5.121826,26.233103334903717
7,57,1983.728,1806.2732,-177.45483,177.45483,31490.218104422092
7,58,2740.314,1801.0367,-939.2772,939.2772,882241.6991663128
7,59,1474.036,1837.4633,363.42725,363.42725,132079.36320328712
7,60,1461.28,1778.9395,317.65942,317.65942,100907.50954681635
7,61,1914.278,1812.282,-101.99597,101.99597,10403.178238883615
7,62,1880.204,1893.0607,12.856689,12.856689,165.2944636940956
7,63,2120.156,1805.7607,-314.39526,314.39526,98844.3818193078
7,64,1765.056,1811.2605,46.204468,46.204468,2134.8528422266245
7,65,711.666,1783.295,1071.629,1071.629,1148388.7743387371
7,66,1298.728,1740.7699,442.04187,442.04187,195401.01493670046
7,67,766.906,1743.214,976.308,976.308,953177.2784475237
7,68,935.8339,1676.8345,741.00055,741.00055,549081.8140872158
7,69,682.88007,1811.5776,1128.6975,1128.6975,1273958.0685511231
7,70,1133.726,1739.4274,605.7014,605.7014,366874.2053633332
7,71,794.7119,1706.6013,911.8894,911.8894,831542.2856689095
7,72,1372.472,1726.2236,353.7516,353.7516,125140.18524421751
7,73,2557.098,1703.4088,-853.6891,853.6891,728785.0571161658
7,74,1760.112,1761.2815,1.1694336,1.1694336,1.36757493019104
7,75,1822.632,1769.5789,-53.0531,53.0531,2814.631481781602
7,76,1951.09,1725.2759,-225.81409,225.81409,50992.00184883177
7,77,1645.424,1661.6581,16.23413,16.23413,263.5470047593117
7,78,2383.01,1683.2194,-699.79065,699.79065,489706.95300735533
7,79,1566.714,1557.1512,-9.562744,9.562744,91.44607549905777
7,80,1791.85,1667.4775,-124.37244,124.37244,15468.50296677649
7,81,1542.65,1600.6766,58.02661,58.02661,3367.0876222252846
7,82,2009.13,1565.3848,-443.74524,443.74524,196909.83736397326
7,83,1562.682,1525.6509,-37.031128,37.031128,1371.3044357448816
7,84,1663.384,1682.421,19.036987,19.036987,362.40688563883305
7,85,131.73218,1653.1301,1521.398,1521.398,2314651.719887018
7,86,917.28204,1598.2026,680.9206,680.9206,463652.854327891
7,87,1618.59,1567.8239,-50.766113,50.766113,2577.1982576847076
7,88,1822.162,1607.3601,-214.80188,214.80188,46139.84760119021
7,89,1994.752,1565.8431,-428.9088,428.9088,183962.77027787268
7,90,1679.884,1569.9503,-109.933716,109.933716,12085.421874061227
8,1,2195.452,1928.9818,-266.4701,266.4701,71006.31034268439
8,2,2094.098,1814.9434,-279.15454,279.15454,77927.25776964426
8,3,2047.968,2036.9304,-11.037598,11.037598,121.8285620212555
8,4,2451.11,1914.5162,-536.5939,536.5939,287932.9835434109
8,5,2211.892,1824.8259,-387.06616,387.06616,149820.21385008097
8,6,1224.252,1980.7148,756.4629,756.4629,572236.1048927307
8,7,1308.836,1903.0406,594.2046,594.2046,353079.09459137917
8,8,2083.454,1849.2008,-234.2533,234.2533,54874.606639280915
8,9,1604.132,1838.6636,234.53162,234.53162,55005.07900251448
8,10,2219.78,1953.0802,-266.69983,266.69983,71128.79884280264
8,11,1777.18,1888.9402,111.76013,111.76013,12490.32706798613
8,12,1769.442,1824.2435,54.801514,54.801514,3003.2059007287025
8,13,1797.208,1990.0342,192.82617,192.82617,37181.93255996704
8,14,2336.9,1934.3181,-402.5818,402.5818,162072.09531217813
8,15,2508.466,1962.8657,-545.60034,545.60034,297679.7329688668
8,16,1518.684,1925.0281,406.34412,406.34412,165115.54077924788
8,17,1282.538,1889.0394,606.50146,606.50146,367844.0268576145
8,18,0.0,1837.7839,1837.7839,1837.7839,3377449.7937541604
8,19,618.488,1843.6066,1225.1187,1225.1187,1500915.7123205662
8,20,2196.76,1781.7144,-415.04565,415.04565,172262.89515072107
8,21,2150.112,1870.0099,-280.10217,280.10217,78457.2272361666
8,22,1906.556,1851.062,-55.49402,55.49402,3079.5860953480005
8,23,1881.098,1755.0392,-126.05884,126.05884,15890.830610334873
8,24,2433.508,1999.0099,-434.49817,434.49817,188788.65881682932
8,25,2351.728,1942.0471,-409.6809,409.6809,167838.44654613733
8,26,2137.856,1848.1545,-289.70142,289.70142,83926.91044145823
8,27,1790.626,1766.1176,-24.508423,24.508423,600.662790670991
8,28,2608.51,1819.1567,-789.3533,789.3533,623078.5872030854
8,29,2269.42,1821.6747,-447.74524,447.74524,200475.79927803576
8,30,1930.51,1857.0333,-73.476685,73.476685,5398.823175445199
8,31,2067.564,1916.7465,-150.8175,150.8175,22745.919779077172
8,32,2760.902,1982.8125,-778.0896,778.0896,605423.4250202775
8,33,2110.234,1817.368,-292.86584,292.86584,85770.40300740302
8,34,2092.99,1877.2015,-215.78845,215.78845,46564.6560806185
8,35,2842.728,1885.2072,-957.5209,957.5209,916846.2241906077
8,36,1799.196,1953.6399,154.44385,154.44385,23852.90207886696
8,37,1693.778,1896.6204,202.8424,202.8424,41145.042169466615
8,38,2157.432,1836.4193,-321.01257,321.01257,103049.0721795708
8,39,2903.014,1913.7117,-989.30225,989.30225,978718.9341261387
8,40,2316.27,1863.5885,-452.68152,452.68152,204920.55724097788
8,41,2098.892,1780.6516,-318.24048,318.24048,101277.00216585398
8,42,2712.986,1856.9803,-856.00574,856.00574,732745.8222985417
8,43,1625.708,1816.1676,190.4596,190.4596,36274.857223406434
8,44,2582.238,1868.1111,-714.12695,714.12695,509977.30517959595
8,45,2420.932,1917.4749,-503.45703,503.45703,253468.98231506348
8,46,1944.542,1965.2263,20.684326,20.684326,427.8413491845131
8,47,1369.768,1916.1233,546.35535,546.35535,298504.1648454815
8,48,1892.998,1941.0397,48.041626,48.041626,2307.997826471925
8,49,2351.556,1877.664,-473.89197,473.89197,224573.59712018073
8,50,1686.698,1840.9266,154.22864,154.22864,23786.472685351968
8,51,2097.132,1901.4651,-195.66699,195.66699,38285.571831703186
8,52,1797.756,1894.4255,96.669556,96.669556,9345.002992287278
8,53,2054.56,1890.0989,-164.46118,164.46118,27047.48026663065
8,54,1761.156,1924.0027,162.84668,162.84668,26519.041085243225
8,55,1953.572,1919.9098,-33.66223,33.66223,1133.1458258777857
8,56,1983.728,1932.786,-50.942017,50.942017,2595.0890554338694
8,57,2740.314,1777.8247,-962.48926,962.48926,926385.5714044571
8,58,1474.036,1778.242,304.20593,304.20593,92541.24943949282
8,59,1461.28,1834.3148,373.0348,373.0348,139154.95457948744
8,60,1914.278,1799.7236,-114.55432,114.55432,13122.692525997758
8,61,1880.204,1842.1897,-38.014282,38.014282,1445.0856532007456
8,62,2120.156,1880.8425,-239.31348,239.31348,57270.94006443024
8,63,1765.056,1811.4014,46.345337,46.345337,2147.890253677964
8,64,711.666,1826.248,1114.582,1114.582,1242293.104385376
8,65,1298.728,1770.7611,472.03308,472.03308,222815.22960998118
8,66,766.906,1728.7676,961.8616,961.8616,925177.6842013001
8,67,935.8339,1751.0394,815.2055,815.2055,664560.0159873404
8,68,682.88007,1667.3705,984.4904,984.4904,969221.3821108676
8,69,1133.726,1788.6437,654.9177,654.9177,428917.22600752115
8,70,794.7119,1724.5394,929.8275,929.8275,864579.2069972903
8,71,1372.472,1713.0839,340.61182,340.61182,116016.40947556496
8,72,2557.098,1689.282,-867.8159,867.8159,753104.4674799442
8,73,1760.112,1683.3063,-76.805786,76.805786,5899.128783479333
8,74,1822.632,1773.6387,-48.993286,48.993286,2400.3420860916376
8,75,1951.09,1756.6692,-194.42078,194.42078,37799.43828321993
8,76,1645.424,1684.0547,38.630737,38.630737,1492.3338647037745
8,77,2383.01,1624.2593,-758.75073,758.75073,575702.6739507318
8,78,1566.714,1697.5841,130.87012,130.87012,17126.987572669983
8,79,1791.85,1507.2539,-284.59607,284.59607,80994.92268146574
8,80,1542.65,1646.772,104.12195,104.12195,10841.380105748773
8,81,2009.13,1608.4596,-400.6704,400.6704,160536.7775747776
8,82,1562.682,1513.5199,-49.16211,49.16211,2416.912998199463
8,83,1663.384,1471.8,-191.58398,191.58398,36704.423069000244
8,84,131.73218,1643.6222,1511.89,1511.89,2285811.4163936526
8,85,917.28204,1619.8947,702.6126,702.6126,493664.47953889146
8,86,1618.59,1560.1648,-58.42517,58.42517,3413.500594511628
8,87,1822.162,1517.6276,-304.53442,304.53442,92741.21529632807
8,88,1994.752,1610.278,-384.474,384.474,147820.25592507422
8,89,1679.884,1555.8513,-124.032715,124.032715,15384.114351511002
8,90,1651.284,1550.0011,-101.28296,101.28296,10258.237780630589
9,1,2094.098,1925.1151,-168.98279,168.98279,28555.18266929686
9,2,2047.968,1852.0565,-195.9115,195.9115,38381.31544961035
9,3,2451.11,1983.8658,-467.24426,467.24426,218317.2010216862
9,4,2211.892,1866.1564,-345.73572,345.73572,119533.18654431403
9,5,1224.252,1808.1084,583.85645,583.85645,340888.3487329483
9,6,1308.836,1956.6235,647.7875,647.7875,419628.6135260016
9,7,2083.454,1946.9519,-136.5022,136.5022,18632.8498583436
9,8,1604.132,1876.1958,272.06384,272.06384,74018.73454464972
9,9,2219.78,1849.1951,-370.58496,370.58496,137333.2132730484
9,10,1777.18,1924.938,147.75793,147.75793,21832.40722848475
9,11,1769.442,1840.7633,71.32129,71.32129,5086.726273536682
9,12,1797.208,1836.4491,39.24109,39.24109,1539.8630554825068
9,13,2336.9,1977.3717,-359.5282,359.5282,129260.52533127367
9,14,2508.466,1950.3667,-558.09937,558.09937,311474.9014750123
9,15,1518.684,1951.0538,432.36987,432.36987,186943.7071185708
9,16,1282.538,1980.3545,697.8165,697.8165,486947.9071970135
9,17,0.0,1884.2395,1884.2395,1884.2395,3550358.5007205606
9,18,618.488,1838.7786,1220.2905,1220.2905,1489108.9711248875
9,19,2196.76,1885.4258,-311.33423,311.33423,96929.0018454194
9,20,2150.112,1835.348,-314.76404,314.76404,99076.39967216551
9,21,1906.556,1827.797,-78.75903,78.75903,6202.985311090946
9,22,1881.098,1875.994,-5.104004,5.104004,26.05085587501526
9,23,2433.508,1799.8511,-633.657,633.657,401521.1713719964
9,24,2351.728,1972.07,-379.65808,379.65808,144140.25851012766
9,25,2137.856,1916.6909,-221.16504,221.16504,48913.97450351715
9,26,1790.626,1853.7927,63.166748,63.166748,3990.0380588173866
9,27,2608.51,1795.351,-813.15906,813.15906,661227.6529848725
9,28,2269.42,1811.7932,-457.6267,457.6267,209422.20477586985
9,29,1930.51,1799.9885,-130.52148,130.52148,17035.85788345337
9,30,2067.564,1863.7534,-203.81055,203.81055,41538.73901748657
9,31,2760.902,1875.9502,-884.9519,884.9519,783139.8729186654
9,32,2110.234,1969.0503,-141.1836,141.1836,19932.80714416504
9,33,2092.99,1832.1023,-260.8877,260.8877,68062.38956546783
9,34,2842.728,1906.547,-936.181,936.181,876434.9214438349
9,35,1799.196,1869.4192,70.223145,70.223145,4931.290027856827
9,36,1693.778,1867.1583,173.38037,173.38037,30060.75308060646
9,37,2157.432,1858.325,-299.10693,299.10693,89464.95772385597
9,38,2903.014,1893.4454,-1009.5685,1009.5685,1019228.5187277943
9,39,2316.27,1874.1287,-442.14136,442.14136,195488.97994285822
9,40,2098.892,1845.8032,-253.08887,253.08887,64053.974694252014
9,41,2712.986,1838.6274,-874.35864,874.35864,764503.0358510613
9,42,1625.708,1897.3679,271.6599,271.6599,73799.10784727335
9,43,2582.238,1792.6965,-789.5415,789.5415,623375.786390543
9,44,2420.932,1859.6152,-561.31665,561.31665,315076.38200575113
9,45,1944.542,1909.2083,-35.33374,35.33374,1248.4731989502907
9,46,1369.768,1906.2178,536.4498,536.4498,287778.4191430956
9,47,1892.998,1904.1803,11.182251,11.182251,125.04273690283298
9,48,2351.556,1920.9257,-430.63025,430.63025,185442.4113739878
9,49,1686.698,1887.7104,201.01245,201.01245,40406.00552612543
9,50,2097.132,1851.5166,-245.61548,245.61548,60326.963286459446
9,51,1797.756,1906.654,108.89807,108.89807,11858.789930477738
9,52,2054.56,1900.8591,-153.70093,153.70093,23623.975186407566
9,53,1761.156,1844.8469,83.69092,83.69092,7004.169750452042
9,54,1953.572,1910.2635,-43.30847,43.30847,1875.6237192302942
9,55,1983.728,1942.8104,-40.917603,40.917603,1674.250197544694
9,56,2740.314,1927.6027,-812.7113,812.7113,660499.6631795317
9,57,1474.036,1823.1307,349.09473,349.09473,121867.12811374664
9,58,1461.28,1814.2195,352.93945,352.93945,124566.25757217407
9,59,1914.278,1794.806,-119.471924,119.471924,14273.540583193302
9,60,1880.204,1745.0463,-135.15771,135.15771,18267.60788178444
9,61,2120.156,1787.2108,-332.9452,332.9452,110852.49983026087
9,62,1765.056,1883.2653,118.20923,118.20923,13973.42170625925
9,63,711.666,1792.8569,1081.1909,1081.1909,1168973.8010981083
9,64,1298.728,1807.8993,509.17126,509.17126,259255.37674368918
9,65,766.906,1793.0974,1026.1914,1026.1914,1053068.8022613525
9,66,935.8339,1736.1257,800.2918,800.2918,640466.9796837904
9,67,682.88007,1731.7585,1048.8784,1048.8784,1100145.9356806278
9,68,1133.726,1688.917,555.19104,555.19104,308237.0909396559
9,69,794.7119,1828.8156,1034.1036,1034.1036,1069370.3334946781
9,70,1372.472,1723.9116,351.43958,351.43958,123509.77501346171
9,71,2557.098,1734.1064,-822.99146,822.99146,677314.9351316094
9,72,1760.112,1734.8573,-25.25476,25.25476,637.8029401451349
9,73,1822.632,1714.0609,-108.571045,108.571045,11787.6717954278
9,74,1951.09,1716.5737,-234.51624,234.51624,54997.86464346945
9,75,1645.424,1739.3992,93.97522,93.97522,8831.341922655702
9,76,2383.01,1729.6306,-653.3794,653.3794,426904.63319802284
9,77,1566.714,1647.4835,80.76953,80.76953,6523.717178344727
9,78,1791.85,1656.5114,-135.33862,135.33862,18316.542888224125
9,79,1542.65,1588.3936,45.74353,45.74353,2092.470561876893
9,80,2009.13,1628.5092,-380.62085,380.62085,144872.23115736246
9,81,1562.682,1582.6759,19.993896,19.993896,399.755896627903
9,82,1663.384,1593.6036,-69.780396,69.780396,4869.303597226739
9,83,131.73218,1553.316,1421.5839,1421.5839,2020900.6775651127
9,84,917.28204,1659.8721,742.59,742.59,551439.9479852058
9,85,1618.59,1643.3383,24.748291,24.748291,612.4779081940651
9,86,1822.162,1603.2688,-218.89319,218.89319,47914.227961435914
9,87,1994.752,1578.5068,-416.24512,416.24512,173259.9975824356
9,88,1679.884,1601.0266,-78.85742,78.85742,6218.4929847717285
9,89,1651.284,1561.6559,-89.628174,89.628174,8033.209543764591
9,90,1847.97,1555.5498,-292.42017,292.42017,85509.55349260569
